id,createdAt,updatedAt,deletedAt,date,name,address,point,status,priceInCents,verified,logoPath,link,linkDisplay,polygon,groupID,pricePerN,approved,lat,lng,google_maps_url,price_in_dollars,local_time,updatedAt_local_time,createdAt_local_time
249637c4-33f0-4b69-a047-8c70fddb882e,2022-01-13T10:19:33.769Z,2022-01-13T10:19:33.769Z,,2022-01-13T10:19:33.458Z,Direct Chemist Outlet Ocean Grove,"Shop 1, Marketplace Shopping Centre, 2-20 Kingston Downs Dr, Ocean Grove VIC 3226, Australia","{'type': 'Point', 'coordinates': [144.5482254, -38.2579134]}",IN_STOCK,,False,,,,,,,True,-38.2579134,144.5482254,"https://maps.google.com/maps?q=Shop 1, Marketplace Shopping Centre, 2-20 Kingston Downs Dr, Ocean Grove VIC 3226, Australia",,2022-01-13 21:19:33.458000+11:00,2022-01-13 21:19:33.769000+11:00,2022-01-13 21:19:33.769000+11:00
257d1bf2-c3ba-403b-a1ab-815290b1254a,2022-01-13T10:19:04.723Z,2022-01-13T10:19:04.723Z,,2022-01-13T10:19:04.421Z,Coles,"77 The Terrace, Ocean Grove VIC 3226, Australia","{'type': 'Point', 'coordinates': [144.5239471, -38.2674857]}",IN_STOCK,,False,,,,,,,True,-38.2674857,144.5239471,"https://maps.google.com/maps?q=77 The Terrace, Ocean Grove VIC 3226, Australia",,2022-01-13 21:19:04.421000+11:00,2022-01-13 21:19:04.723000+11:00,2022-01-13 21:19:04.723000+11:00
7d5dc96e-8f1b-4434-9706-8ab3174c1057,2022-01-13T10:18:48.560Z,2022-01-13T10:18:48.560Z,,2022-01-13T10:18:48.258Z,Woolworths,"27/41 Bellarine Hwy, Newcomb VIC 3219, Australia","{'type': 'Point', 'coordinates': [144.3887724, -38.1691903]}",IN_STOCK,,False,,,,,,,True,-38.1691903,144.3887724,"https://maps.google.com/maps?q=27/41 Bellarine Hwy, Newcomb VIC 3219, Australia",,2022-01-13 21:18:48.258000+11:00,2022-01-13 21:18:48.560000+11:00,2022-01-13 21:18:48.560000+11:00
addc95f5-4d91-472c-b9d5-8ea2a6e21fc8,2022-01-13T10:18:04.677Z,2022-01-13T10:18:04.677Z,,2022-01-13T10:18:04.361Z,Direct Chemist Outlet Leopold,"Shop 1, Gateway Plaza Leopold, 641 - 659 Bellarine Highway Corner, Melaluka Rd, Leopold VIC 3224, Australia","{'type': 'Point', 'coordinates': [144.4542148, -38.1861014]}",IN_STOCK,,False,,,,,,,True,-38.1861014,144.4542148,"https://maps.google.com/maps?q=Shop 1, Gateway Plaza Leopold, 641 - 659 Bellarine Highway Corner, Melaluka Rd, Leopold VIC 3224, Australia",,2022-01-13 21:18:04.361000+11:00,2022-01-13 21:18:04.677000+11:00,2022-01-13 21:18:04.677000+11:00
fe984adb-54d1-4fa7-a4ce-0bb08342ae8c,2022-01-13T10:17:51.744Z,2022-01-13T10:17:51.744Z,,2022-01-13T10:17:51.428Z,Coles,"621 - 659 Bellarine Hwy Gateway Plaza (Leopold, Leopold VIC 3224, Australia","{'type': 'Point', 'coordinates': [144.4544775, -38.185325]}",IN_STOCK,,False,,,,,,,True,-38.185325,144.4544775,"https://maps.google.com/maps?q=621 - 659 Bellarine Hwy Gateway Plaza (Leopold, Leopold VIC 3224, Australia",,2022-01-13 21:17:51.428000+11:00,2022-01-13 21:17:51.744000+11:00,2022-01-13 21:17:51.744000+11:00
ed773864-95a7-4ee0-a711-ec78ffd813f1,2022-01-13T10:17:37.394Z,2022-01-13T10:17:37.394Z,,2022-01-13T10:17:37.084Z,Chemist Warehouse Geelong West,"86 Hope St, Geelong West VIC 3218, Australia","{'type': 'Point', 'coordinates': [144.3474523, -38.141698]}",IN_STOCK,,False,,,,,,,True,-38.141698,144.3474523,"https://maps.google.com/maps?q=86 Hope St, Geelong West VIC 3218, Australia",,2022-01-13 21:17:37.084000+11:00,2022-01-13 21:17:37.394000+11:00,2022-01-13 21:17:37.394000+11:00
81b6e259-bf57-4744-be50-f7cc8153c2f9,2022-01-13T10:02:14.768Z,2022-01-13T10:02:14.768Z,,2022-01-13T10:02:14.463Z,CTC Stockland Merrylands - Tobacconist cigarettes cigar bong paper pipe ashtray vape juice gift raw Shisha,"Shop 1039/1 Pitt St, Merrylands NSW 2160, Australia","{'type': 'Point', 'coordinates': [150.9903583, -33.8347489]}",IN_STOCK,10000.0,False,,,,,,4.0,True,-33.8347489,150.9903583,"https://maps.google.com/maps?q=Shop 1039/1 Pitt St, Merrylands NSW 2160, Australia",100.0,2022-01-13 21:02:14.463000+11:00,2022-01-13 21:02:14.768000+11:00,2022-01-13 21:02:14.768000+11:00
e7d1b1e6-44ab-409c-8209-97b35357a886,2022-01-13T09:43:24.120Z,2022-01-13T09:43:24.120Z,,2022-01-13T09:43:23.812Z,Rouse Hill King of the Pack,"10-14 Market Ln, Rouse Hill NSW 2155, Australia","{'type': 'Point', 'coordinates': [150.9238577, -33.6902787]}",IN_STOCK,,False,,,,,,,True,-33.6902787,150.9238577,"https://maps.google.com/maps?q=10-14 Market Ln, Rouse Hill NSW 2155, Australia",,2022-01-13 20:43:23.812000+11:00,2022-01-13 20:43:24.120000+11:00,2022-01-13 20:43:24.120000+11:00
4c7bd8b3-cc34-40a9-b3c9-8279293bc3b2,2022-01-13T09:36:35.961Z,2022-01-13T09:36:35.961Z,,2022-01-13T09:36:35.653Z,Metro petroleum Punchbowl Open 24/7,"998 Punchbowl Rd, Punchbowl NSW 2196, Australia","{'type': 'Point', 'coordinates': [151.0453615, -33.9321677]}",IN_STOCK,,False,,,,,,,True,-33.9321677,151.0453615,"https://maps.google.com/maps?q=998 Punchbowl Rd, Punchbowl NSW 2196, Australia",,2022-01-13 20:36:35.653000+11:00,2022-01-13 20:36:35.961000+11:00,2022-01-13 20:36:35.961000+11:00
964852d5-ca35-48d9-881e-651c13f4c8b8,2022-01-13T09:32:25.843Z,2022-01-13T09:32:25.843Z,,2022-01-13T09:32:25.536Z,Metro Petroleum,"148 Sunnyholt Rd, Blacktown NSW 2148, Australia","{'type': 'Point', 'coordinates': [150.914806, -33.7529387]}",IN_STOCK,,False,,,,,,,True,-33.7529387,150.914806,"https://maps.google.com/maps?q=148 Sunnyholt Rd, Blacktown NSW 2148, Australia",,2022-01-13 20:32:25.536000+11:00,2022-01-13 20:32:25.843000+11:00,2022-01-13 20:32:25.843000+11:00
aa31e68f-91a3-4fbe-afe6-e87eecb904be,2022-01-13T09:27:21.699Z,2022-01-13T09:27:21.699Z,,2022-01-13T09:27:21.396Z,North Adelaide Foodland,"71-79 O'Connell St, North Adelaide SA 5006, Australia","{'type': 'Point', 'coordinates': [138.5957438, -34.9067479]}",IN_STOCK,3300.0,False,,,,,,2.0,True,-34.9067479,138.5957438,"https://maps.google.com/maps?q=71-79 O'Connell St, North Adelaide SA 5006, Australia",33.0,2022-01-13 20:27:21.396000+11:00,2022-01-13 20:27:21.699000+11:00,2022-01-13 20:27:21.699000+11:00
3655d56a-fa43-464f-8b7e-eb59c51eebb0,2022-01-13T09:25:24.165Z,2022-01-13T09:25:24.165Z,,2022-01-13T09:25:23.864Z,Metro Petroleum Canley Heights,"190 Canley Vale Rd, Canley Heights NSW 2166, Australia","{'type': 'Point', 'coordinates': [150.9285399, -33.8844325]}",IN_STOCK,,False,,,,,,,True,-33.8844325,150.9285399,"https://maps.google.com/maps?q=190 Canley Vale Rd, Canley Heights NSW 2166, Australia",,2022-01-13 20:25:23.864000+11:00,2022-01-13 20:25:24.165000+11:00,2022-01-13 20:25:24.165000+11:00
fc3c5ce3-46cf-4896-b876-a30a84167881,2022-01-13T09:13:32.071Z,2022-01-13T09:13:32.071Z,,2022-01-13T09:13:31.769Z,Cringila Cellars,"31 Lake Ave, Cringila NSW 2502, Australia","{'type': 'Point', 'coordinates': [150.8724303, -34.4685192]}",IN_STOCK,,False,,,,,,3.0,True,-34.4685192,150.8724303,"https://maps.google.com/maps?q=31 Lake Ave, Cringila NSW 2502, Australia",,2022-01-13 20:13:31.769000+11:00,2022-01-13 20:13:32.071000+11:00,2022-01-13 20:13:32.071000+11:00
4776bf5a-6427-439f-85eb-39d56e2cff9f,2022-01-13T09:11:12.343Z,2022-01-13T09:11:12.343Z,,2022-01-13T09:11:12.043Z,Apex Petroleum,"1443 Elizabeth Dr, Kemps Creek NSW 2178, Australia","{'type': 'Point', 'coordinates': [150.7915119, -33.8797385]}",IN_STOCK,2290.0,False,,,,,,1.0,True,-33.8797385,150.7915119,"https://maps.google.com/maps?q=1443 Elizabeth Dr, Kemps Creek NSW 2178, Australia",22.9,2022-01-13 20:11:12.043000+11:00,2022-01-13 20:11:12.343000+11:00,2022-01-13 20:11:12.343000+11:00
eae8b0f2-b08a-4293-88df-075894de9f27,2022-01-13T09:10:45.508Z,2022-01-13T09:10:45.508Z,,2022-01-13T09:10:45.207Z,Apex Petroleum,"898-902 Victoria Rd, West Ryde NSW 2114, Australia","{'type': 'Point', 'coordinates': [151.0947271, -33.8118926]}",IN_STOCK,2290.0,False,,,,,,1.0,True,-33.8118926,151.0947271,"https://maps.google.com/maps?q=898-902 Victoria Rd, West Ryde NSW 2114, Australia",22.9,2022-01-13 20:10:45.207000+11:00,2022-01-13 20:10:45.508000+11:00,2022-01-13 20:10:45.508000+11:00
99145fba-3a1c-4ec9-8b88-85b8157bb3f3,2022-01-13T09:10:38.239Z,2022-01-13T09:10:38.239Z,,2022-01-13T09:10:37.937Z,TSG Belmore,"432 Burwood Rd, Belmore NSW 2192, Australia","{'type': 'Point', 'coordinates': [151.0894098, -33.9195857]}",IN_STOCK,,False,,,,,,,True,-33.9195857,151.0894098,"https://maps.google.com/maps?q=432 Burwood Rd, Belmore NSW 2192, Australia",,2022-01-13 20:10:37.937000+11:00,2022-01-13 20:10:38.239000+11:00,2022-01-13 20:10:38.239000+11:00
0a675fcb-fdcb-4a0b-8c7c-b247f90043d2,2022-01-13T09:06:37.555Z,2022-01-13T09:06:37.555Z,,2022-01-13T09:06:37.249Z,Metro Petroleum Guildford,"2 Rawson Rd, Guildford NSW 2161, Australia","{'type': 'Point', 'coordinates': [151.0088794, -33.8636891]}",IN_STOCK,,False,,,,,,,True,-33.8636891,151.0088794,"https://maps.google.com/maps?q=2 Rawson Rd, Guildford NSW 2161, Australia",,2022-01-13 20:06:37.249000+11:00,2022-01-13 20:06:37.555000+11:00,2022-01-13 20:06:37.555000+11:00
0da7d90b-fde5-4ec2-91da-65830816f625,2022-01-13T09:05:20.519Z,2022-01-13T09:05:20.519Z,,2022-01-13T09:05:20.218Z,King of the Pack Strathfield Plaza Tobacconist Cigarette Cigar Smoke Shop,"Shop 54/11 The Boulevarde, Strathfield NSW 2135, Australia","{'type': 'Point', 'coordinates': [151.0934474, -33.8730449]}",IN_STOCK,,False,,,,,,,True,-33.8730449,151.0934474,"https://maps.google.com/maps?q=Shop 54/11 The Boulevarde, Strathfield NSW 2135, Australia",,2022-01-13 20:05:20.218000+11:00,2022-01-13 20:05:20.519000+11:00,2022-01-13 20:05:20.519000+11:00
9f541d3b-9855-4285-b9cf-fd42ec9a20b6,2022-01-13T09:01:00.941Z,2022-01-13T09:01:00.941Z,,2022-01-13T09:01:00.631Z,Metro Belmore Open 24/7,"607-613 Canterbury Rd, Belmore NSW 2192, Australia","{'type': 'Point', 'coordinates': [151.0959163, -33.9214794]}",IN_STOCK,,False,,,,,,,True,-33.9214794,151.0959163,"https://maps.google.com/maps?q=607-613 Canterbury Rd, Belmore NSW 2192, Australia",,2022-01-13 20:01:00.631000+11:00,2022-01-13 20:01:00.941000+11:00,2022-01-13 20:01:00.941000+11:00
21888ea5-d9e2-4eb2-aa46-1d038012d162,2022-01-13T09:00:29.567Z,2022-01-13T09:00:29.567Z,,2022-01-13T09:00:29.262Z,Beverly Hills Family Chemist,"550 King Georges Rd, Beverly Hills NSW 2209, Australia","{'type': 'Point', 'coordinates': [151.0829323, -33.9516379]}",IN_STOCK,1750.0,False,,,,,,1.0,True,-33.9516379,151.0829323,"https://maps.google.com/maps?q=550 King Georges Rd, Beverly Hills NSW 2209, Australia",17.5,2022-01-13 20:00:29.262000+11:00,2022-01-13 20:00:29.567000+11:00,2022-01-13 20:00:29.567000+11:00
c701eca0-70bd-4169-be2b-82f260ce4d51,2022-01-13T08:53:22.307Z,2022-01-13T08:53:22.307Z,,2022-01-13T08:53:21.996Z,Metro Petroleum,"16 Ingersole Dr, Kelso NSW 2795, Australia","{'type': 'Point', 'coordinates': [149.6243204, -33.4212519]}",IN_STOCK,8500.0,False,,,,,,4.0,True,-33.4212519,149.6243204,"https://maps.google.com/maps?q=16 Ingersole Dr, Kelso NSW 2795, Australia",85.0,2022-01-13 19:53:21.996000+11:00,2022-01-13 19:53:22.307000+11:00,2022-01-13 19:53:22.307000+11:00
5eb1d44e-ac3e-4238-96ed-d9744917f9e7,2022-01-13T08:42:34.777Z,2022-01-13T08:42:34.777Z,,2022-01-13T08:42:34.474Z,Free Choice Tobacconist,"3/15 Cleeve Cl, Mount Druitt NSW 2770, Australia","{'type': 'Point', 'coordinates': [150.8210094, -33.7680461]}",IN_STOCK,,False,,,,,,,True,-33.7680461,150.8210094,"https://maps.google.com/maps?q=3/15 Cleeve Cl, Mount Druitt NSW 2770, Australia",,2022-01-13 19:42:34.474000+11:00,2022-01-13 19:42:34.777000+11:00,2022-01-13 19:42:34.777000+11:00
0492235f-34d2-4f89-9da5-1fd0228714a8,2022-01-13T08:41:35.881Z,2022-01-13T08:41:35.881Z,,2022-01-13T08:41:35.576Z,Strathfield king of the pack ,"54 The Boulevarde, Strathfield NSW 2135, Australia","{'type': 'Point', 'coordinates': [151.0942545, -33.8743888]}",IN_STOCK,,False,,,,,,,True,-33.8743888,151.0942545,"https://maps.google.com/maps?q=54 The Boulevarde, Strathfield NSW 2135, Australia",,2022-01-13 19:41:35.576000+11:00,2022-01-13 19:41:35.881000+11:00,2022-01-13 19:41:35.881000+11:00
1ecd76a8-4067-4db3-8b09-ab58d0a1d289,2022-01-13T08:25:01.764Z,2022-01-13T08:25:01.764Z,,2022-01-13T08:25:01.461Z,Metro Petroleum Bexley,"630 Forest Rd, Bexley NSW 2207, Australia","{'type': 'Point', 'coordinates': [151.1176733, -33.9592718]}",IN_STOCK,,False,,,,,,,True,-33.9592718,151.1176733,"https://maps.google.com/maps?q=630 Forest Rd, Bexley NSW 2207, Australia",,2022-01-13 19:25:01.461000+11:00,2022-01-13 19:25:01.764000+11:00,2022-01-13 19:25:01.764000+11:00
1196ef5a-c463-4ff1-8183-8d77e37031a8,2022-01-13T08:24:39.793Z,2022-01-13T08:24:39.793Z,,2022-01-13T08:24:39.484Z,Metro Petroleum Epping,"30 Bridge St, Epping NSW 2121, Australia","{'type': 'Point', 'coordinates': [151.0796801, -33.7747801]}",IN_STOCK,,False,,,,,,,True,-33.7747801,151.0796801,"https://maps.google.com/maps?q=30 Bridge St, Epping NSW 2121, Australia",,2022-01-13 19:24:39.484000+11:00,2022-01-13 19:24:39.793000+11:00,2022-01-13 19:24:39.793000+11:00
28ef33ba-2d2d-4d64-9531-5f995ee9a7e3,2022-01-13T08:13:51.061Z,2022-01-13T08:13:51.061Z,,2022-01-13T08:13:50.758Z,Metro petroleum benalla,"5913 Midland Hwy, Benalla VIC 3672, Australia","{'type': 'Point', 'coordinates': [145.9805696, -36.534876]}",IN_STOCK,,False,,,,,,,True,-36.534876,145.9805696,"https://maps.google.com/maps?q=5913 Midland Hwy, Benalla VIC 3672, Australia",,2022-01-13 19:13:50.758000+11:00,2022-01-13 19:13:51.061000+11:00,2022-01-13 19:13:51.061000+11:00
5f85472b-f5fb-4501-84a1-e9aa1b1f6fa4,2022-01-13T08:13:30.423Z,2022-01-13T08:13:30.423Z,,2022-01-13T08:13:30.121Z,Centro IGA Milsons Point,"Shop 1/30 Alfred St S, Milsons Point NSW 2061, Australia","{'type': 'Point', 'coordinates': [151.2113827, -33.8480911]}",IN_STOCK,1500.0,False,,,,,,1.0,True,-33.8480911,151.2113827,"https://maps.google.com/maps?q=Shop 1/30 Alfred St S, Milsons Point NSW 2061, Australia",15.0,2022-01-13 19:13:30.121000+11:00,2022-01-13 19:13:30.423000+11:00,2022-01-13 19:13:30.423000+11:00
3eabe5e8-e474-4533-a44d-47c137d31b71,2022-01-13T08:06:42.659Z,2022-01-13T08:06:42.659Z,,2022-01-13T08:06:42.357Z,Centro North Ryde ,"1/1 Network Pl, North Ryde NSW 2113, Australia","{'type': 'Point', 'coordinates': [151.1382494, -33.7952143]}",IN_STOCK,,False,,,,,,,True,-33.7952143,151.1382494,"https://maps.google.com/maps?q=1/1 Network Pl, North Ryde NSW 2113, Australia",,2022-01-13 19:06:42.357000+11:00,2022-01-13 19:06:42.659000+11:00,2022-01-13 19:06:42.659000+11:00
5e21241d-1ea4-4aa4-a02f-a4cd16da5916,2022-01-13T07:58:04.695Z,2022-01-13T07:58:04.695Z,,2022-01-13T07:58:04.390Z,TSG NORTH SYDNEY TOBACCONIST,"107 Walker St, North Sydney NSW 2060, Australia","{'type': 'Point', 'coordinates': [151.2091058, -33.8389596]}",IN_STOCK,3000.0,False,,,,,,1.0,True,-33.8389596,151.2091058,"https://maps.google.com/maps?q=107 Walker St, North Sydney NSW 2060, Australia",30.0,2022-01-13 18:58:04.390000+11:00,2022-01-13 18:58:04.695000+11:00,2022-01-13 18:58:04.695000+11:00
65ab3dc6-daf5-44c5-be3c-e510f1d40012,2022-01-13T07:47:20.275Z,2022-01-13T07:47:20.275Z,,2022-01-13T07:47:19.969Z,Blakes Pharmacy,"20 Darlinghurst Rd, Potts Point NSW 2011, Australia","{'type': 'Point', 'coordinates': [151.2250946, -33.8732691]}",IN_STOCK,1700.0,False,,,,,,1.0,True,-33.8732691,151.2250946,"https://maps.google.com/maps?q=20 Darlinghurst Rd, Potts Point NSW 2011, Australia",17.0,2022-01-13 18:47:19.969000+11:00,2022-01-13 18:47:20.275000+11:00,2022-01-13 18:47:20.275000+11:00
362fa276-da88-4caf-9011-44f81c192e6f,2022-01-13T07:40:47.404Z,2022-01-13T07:40:47.404Z,,2022-01-13T07:40:47.104Z,Chemsave Pharmacy,"The Eastwood Centre, 43-44/152-160 Rowe St, Eastwood NSW 2122, Australia","{'type': 'Point', 'coordinates': [151.0813089, -33.792344]}",IN_STOCK,1599.0,False,,,,,,1.0,True,-33.792344,151.0813089,"https://maps.google.com/maps?q=The Eastwood Centre, 43-44/152-160 Rowe St, Eastwood NSW 2122, Australia",15.99,2022-01-13 18:40:47.104000+11:00,2022-01-13 18:40:47.404000+11:00,2022-01-13 18:40:47.404000+11:00
bb911cda-e12f-4b66-bd3c-c3dd62996b03,2022-01-13T07:37:22.735Z,2022-01-13T07:37:22.735Z,,2022-01-13T07:37:22.433Z,Bellambi Drive Thru Pharmacy,"5/53-55 Pioneer Rd, Bellambi NSW 2518, Australia","{'type': 'Point', 'coordinates': [150.9106452, -34.3683639]}",IN_STOCK,6600.0,False,,,,,,4.0,True,-34.3683639,150.9106452,"https://maps.google.com/maps?q=5/53-55 Pioneer Rd, Bellambi NSW 2518, Australia",66.0,2022-01-13 18:37:22.433000+11:00,2022-01-13 18:37:22.735000+11:00,2022-01-13 18:37:22.735000+11:00
f3b6e8a4-462e-4c22-8504-f54ad73a8e0c,2022-01-13T07:35:52.023Z,2022-01-13T07:35:52.023Z,,2022-01-13T07:35:51.712Z,Caltex Yetholme and Motor Inn,"3529 Great Western Hwy, Yetholme NSW 2795, Australia","{'type': 'Point', 'coordinates': [149.8297641, -33.4464621]}",IN_STOCK,2500.0,False,,,,,,1.0,True,-33.4464621,149.8297641,"https://maps.google.com/maps?q=3529 Great Western Hwy, Yetholme NSW 2795, Australia",25.0,2022-01-13 18:35:51.712000+11:00,2022-01-13 18:35:52.023000+11:00,2022-01-13 18:35:52.023000+11:00
c6b4b4b3-9170-421f-aa51-15a4134fcb80,2022-01-13T07:30:14.203Z,2022-01-13T07:30:14.203Z,,2022-01-13T07:30:13.901Z,Al Amin Supermarket,"Shop 1/188 Guildford Rd, Guildford NSW 2161, Australia","{'type': 'Point', 'coordinates': [150.9934025, -33.8556491]}",IN_STOCK,2000.0,False,,,,,,1.0,True,-33.8556491,150.9934025,"https://maps.google.com/maps?q=Shop 1/188 Guildford Rd, Guildford NSW 2161, Australia",20.0,2022-01-13 18:30:13.901000+11:00,2022-01-13 18:30:14.203000+11:00,2022-01-13 18:30:14.203000+11:00
ca76aa1b-cefe-45ba-80b0-e393a2a00943,2022-01-13T07:20:42.282Z,2022-01-13T07:20:42.282Z,,2022-01-13T07:20:41.981Z,Crown square Convenience Store Irish Uk American Brazil,"Shop 263/6 Potter St, Waterloo NSW 2017, Australia","{'type': 'Point', 'coordinates': [151.2122802, -33.8992919]}",IN_STOCK,3495.0,False,,,,,,2.0,True,-33.8992919,151.2122802,"https://maps.google.com/maps?q=Shop 263/6 Potter St, Waterloo NSW 2017, Australia",34.95,2022-01-13 18:20:41.981000+11:00,2022-01-13 18:20:42.282000+11:00,2022-01-13 18:20:42.282000+11:00
d80970f9-8a25-461f-bbb4-c2128f5705a9,2022-01-13T07:18:01.884Z,2022-01-13T07:18:01.884Z,,2022-01-13T07:18:01.581Z,Mascot Station Convenience And Tobacconist,"60/7 Bourke St, Mascot NSW 2020, Australia","{'type': 'Point', 'coordinates': [151.1874161, -33.9234508]}",IN_STOCK,,False,,,,,,,True,-33.9234508,151.1874161,"https://maps.google.com/maps?q=60/7 Bourke St, Mascot NSW 2020, Australia",,2022-01-13 18:18:01.581000+11:00,2022-01-13 18:18:01.884000+11:00,2022-01-13 18:18:01.884000+11:00
32c77da2-fb11-4181-8aed-06f72496928a,2022-01-13T07:17:32.061Z,2022-01-13T07:17:32.061Z,,2022-01-13T07:17:31.754Z,Speedway birrong,"158 Auburn Rd, Yagoona NSW 2199, Australia","{'type': 'Point', 'coordinates': [151.0212558, -33.897577]}",IN_STOCK,,False,,,,,,,True,-33.897577,151.0212558,"https://maps.google.com/maps?q=158 Auburn Rd, Yagoona NSW 2199, Australia",,2022-01-13 18:17:31.754000+11:00,2022-01-13 18:17:32.061000+11:00,2022-01-13 18:17:32.061000+11:00
64e379fa-9a9e-4e7f-9d5b-da80593cabcb,2022-01-13T07:16:25.773Z,2022-01-13T07:16:25.773Z,,2022-01-13T07:16:25.472Z,Metro petroleum chester Hill,"172 Hector St, Chester Hill NSW 2162, Australia","{'type': 'Point', 'coordinates': [151.0054991, -33.8889235]}",IN_STOCK,,False,,,,,,,True,-33.8889235,151.0054991,"https://maps.google.com/maps?q=172 Hector St, Chester Hill NSW 2162, Australia",,2022-01-13 18:16:25.472000+11:00,2022-01-13 18:16:25.773000+11:00,2022-01-13 18:16:25.773000+11:00
3e58d994-93c9-4914-9dc7-7acdcb957687,2022-01-13T07:10:42.992Z,2022-01-13T07:10:42.992Z,,2022-01-13T07:10:42.690Z,Blooms The Chemist,"26/73 Belmore Rd, Randwick NSW 2031, Australia","{'type': 'Point', 'coordinates': [151.2408875, -33.9154219]}",IN_STOCK,6000.0,False,,,,,,5.0,True,-33.9154219,151.2408875,"https://maps.google.com/maps?q=26/73 Belmore Rd, Randwick NSW 2031, Australia",60.0,2022-01-13 18:10:42.690000+11:00,2022-01-13 18:10:42.992000+11:00,2022-01-13 18:10:42.992000+11:00
18e5d3ec-6535-41ee-818c-d95d4f9386dc,2022-01-13T07:09:06.077Z,2022-01-13T07:09:06.077Z,,2022-01-13T07:09:05.777Z,Centro Lane Cove ,"2 Waterview Dr, Lane Cove NSW 2066, Australia","{'type': 'Point', 'coordinates': [151.1507425, -33.8206031]}",IN_STOCK,,False,,,,,,,True,-33.8206031,151.1507425,"https://maps.google.com/maps?q=2 Waterview Dr, Lane Cove NSW 2066, Australia",,2022-01-13 18:09:05.777000+11:00,2022-01-13 18:09:06.077000+11:00,2022-01-13 18:09:06.077000+11:00
52c87402-b199-4c29-8cc3-267419ef7c53,2022-01-13T07:05:28.495Z,2022-01-13T07:05:28.495Z,,2022-01-13T07:05:28.190Z,My Discount Pharmacy,"178B Marine Parade, Maroubra NSW 2035, Australia","{'type': 'Point', 'coordinates': [151.2568669, -33.945947]}",IN_STOCK,,False,,,,,,,True,-33.945947,151.2568669,"https://maps.google.com/maps?q=178B Marine Parade, Maroubra NSW 2035, Australia",,2022-01-13 18:05:28.190000+11:00,2022-01-13 18:05:28.495000+11:00,2022-01-13 18:05:28.495000+11:00
3d0c334f-3e41-4d15-a1e7-0be721f852ed,2022-01-13T07:03:35.651Z,2022-01-13T07:03:35.651Z,,2022-01-13T07:03:35.343Z,Lloyds Supa IGA South Hurstville,"3/2-8 Greenacre Rd, South Hurstville NSW 2221, Australia","{'type': 'Point', 'coordinates': [151.1038844, -33.9775509]}",IN_STOCK,1650.0,False,,,,,,1.0,True,-33.9775509,151.1038844,"https://maps.google.com/maps?q=3/2-8 Greenacre Rd, South Hurstville NSW 2221, Australia",16.5,2022-01-13 18:03:35.343000+11:00,2022-01-13 18:03:35.651000+11:00,2022-01-13 18:03:35.651000+11:00
fb5cf22b-3dda-4eb2-bf08-cb7ee38b0e69,2022-01-13T07:02:21.068Z,2022-01-13T07:02:21.068Z,,2022-01-13T07:02:20.764Z,Metro Petroleum Appin,"38 Appin Rd, Appin NSW 2560, Australia","{'type': 'Point', 'coordinates': [150.7866516, -34.203754]}",IN_STOCK,2250.0,False,,,,,,1.0,True,-34.203754,150.7866516,"https://maps.google.com/maps?q=38 Appin Rd, Appin NSW 2560, Australia",22.5,2022-01-13 18:02:20.764000+11:00,2022-01-13 18:02:21.068000+11:00,2022-01-13 18:02:21.068000+11:00
bccc1d5a-56f7-4d19-b35f-6e9ac09eba3b,2022-01-13T06:47:23.988Z,2022-01-13T06:47:23.988Z,,2022-01-13T06:47:23.688Z,Metro,"2 David St, Greenacre NSW 2190, Australia","{'type': 'Point', 'coordinates': [151.0594094, -33.8961355]}",IN_STOCK,2000.0,False,,,,,,1.0,True,-33.8961355,151.0594094,"https://maps.google.com/maps?q=2 David St, Greenacre NSW 2190, Australia",20.0,2022-01-13 17:47:23.688000+11:00,2022-01-13 17:47:23.988000+11:00,2022-01-13 17:47:23.988000+11:00
60d95f87-9467-497a-90ae-128e43226409,2022-01-13T06:45:27.572Z,2022-01-13T06:45:27.572Z,,2022-01-13T06:45:27.264Z,Cincotta Discount Chemist Harris Park,"82 Wigram St, Harris Park NSW 2150, Australia","{'type': 'Point', 'coordinates': [151.0090293, -33.8212084]}",IN_STOCK,38000.0,False,,,,,,20.0,True,-33.8212084,151.0090293,"https://maps.google.com/maps?q=82 Wigram St, Harris Park NSW 2150, Australia",380.0,2022-01-13 17:45:27.264000+11:00,2022-01-13 17:45:27.572000+11:00,2022-01-13 17:45:27.572000+11:00
62f0a049-7650-4f5f-a1e3-da3a72650208,2022-01-13T06:45:08.830Z,2022-01-13T06:45:08.830Z,,2022-01-13T06:45:08.519Z,Coles Randwick,"148 Belmore Rd, Randwick NSW 2031, Australia","{'type': 'Point', 'coordinates': [151.240209, -33.9162204]}",IN_STOCK,3000.0,False,,,,,,2.0,True,-33.9162204,151.240209,"https://maps.google.com/maps?q=148 Belmore Rd, Randwick NSW 2031, Australia",30.0,2022-01-13 17:45:08.519000+11:00,2022-01-13 17:45:08.830000+11:00,2022-01-13 17:45:08.830000+11:00
6e7f5659-1c55-426c-a777-8d44debaa542,2022-01-13T06:40:20.485Z,2022-01-13T06:40:20.485Z,,2022-01-13T06:40:20.183Z,Metro Fairfield,"82 Hamilton Rd, Fairfield NSW 2165, Australia","{'type': 'Point', 'coordinates': [150.9498846, -33.8730743]}",IN_STOCK,,False,,,,,,,True,-33.8730743,150.9498846,"https://maps.google.com/maps?q=82 Hamilton Rd, Fairfield NSW 2165, Australia",,2022-01-13 17:40:20.183000+11:00,2022-01-13 17:40:20.485000+11:00,2022-01-13 17:40:20.485000+11:00
0f79d561-d287-4cd9-a84b-3ed2f59ffdbc,2022-01-13T06:13:37.825Z,2022-01-13T06:13:37.825Z,,2022-01-13T06:13:37.523Z,SHELL METRO COWRA,"2 Grenfell Rd, Cowra NSW 2794, Australia","{'type': 'Point', 'coordinates': [148.6791115, -33.8351995]}",IN_STOCK,2500.0,False,,,,,,1.0,True,-33.8351995,148.6791115,"https://maps.google.com/maps?q=2 Grenfell Rd, Cowra NSW 2794, Australia",25.0,2022-01-13 17:13:37.523000+11:00,2022-01-13 17:13:37.825000+11:00,2022-01-13 17:13:37.825000+11:00
296f991f-9def-49b5-bf1b-ee98c57bb0e9,2022-01-13T06:11:49.917Z,2022-01-13T06:42:32.732Z,,2022-01-13T06:11:49.617Z,King of the Pack Leumeah,"12 O'Sullivan Rd, Leumeah NSW 2560, Australia","{'type': 'Point', 'coordinates': [150.830818, -34.0515987]}",IN_STOCK,,False,,,,,,,True,-34.0515987,150.830818,"https://maps.google.com/maps?q=12 O'Sullivan Rd, Leumeah NSW 2560, Australia",,2022-01-13 17:11:49.617000+11:00,2022-01-13 17:42:32.732000+11:00,2022-01-13 17:42:32.732000+11:00
4264a6c9-e100-4814-8697-f4f9679595b8,2022-01-13T06:09:56.662Z,2022-01-13T06:09:56.662Z,,2022-01-13T06:09:56.359Z,Orange Regional Airport,"136 Aerodrome Road, Orange NSW 2800, Australia","{'type': 'Point', 'coordinates': [149.124738, -33.3815584]}",IN_STOCK,,False,,,,,,,True,-33.3815584,149.124738,"https://maps.google.com/maps?q=136 Aerodrome Road, Orange NSW 2800, Australia",,2022-01-13 17:09:56.359000+11:00,2022-01-13 17:09:56.662000+11:00,2022-01-13 17:09:56.662000+11:00
f19ca08a-a28e-4b06-9bee-3762d844acc8,2022-01-13T06:07:48.318Z,2022-01-13T06:07:48.318Z,,2022-01-13T06:07:48.009Z,Abbotsford Family Pharmacy,"310 Great N Rd, Abbotsford NSW 2046, Australia","{'type': 'Point', 'coordinates': [151.1306194, -33.8558759]}",IN_STOCK,,False,,,,,,500.0,True,-33.8558759,151.1306194,"https://maps.google.com/maps?q=310 Great N Rd, Abbotsford NSW 2046, Australia",,2022-01-13 17:07:48.009000+11:00,2022-01-13 17:07:48.318000+11:00,2022-01-13 17:07:48.318000+11:00
d48357d2-db3e-475c-ba90-f2859f6f315d,2022-01-13T06:06:45.331Z,2022-01-13T06:06:45.331Z,,2022-01-13T06:06:45.030Z,Saffron Grocers,"Shop 4/05, 5 Emerald Hills Blvd, Leppington NSW 2179, Australia","{'type': 'Point', 'coordinates': [150.791771, -33.9969746]}",IN_STOCK,,False,,,,,,,True,-33.9969746,150.791771,"https://maps.google.com/maps?q=Shop 4/05, 5 Emerald Hills Blvd, Leppington NSW 2179, Australia",,2022-01-13 17:06:45.030000+11:00,2022-01-13 17:06:45.331000+11:00,2022-01-13 17:06:45.331000+11:00
13cbb4d7-9a80-447e-b6ff-a5952038d02d,2022-01-13T06:06:02.920Z,2022-01-13T06:06:02.920Z,,2022-01-13T06:06:02.519Z,Radwans Pharmacy,"1/183 Lakemba St, Lakemba NSW 2195, Australia","{'type': 'Point', 'coordinates': [151.0763422, -33.9175024]}",IN_STOCK,,False,,,,,,,True,-33.9175024,151.0763422,"https://maps.google.com/maps?q=1/183 Lakemba St, Lakemba NSW 2195, Australia",,2022-01-13 17:06:02.519000+11:00,2022-01-13 17:06:02.920000+11:00,2022-01-13 17:06:02.920000+11:00
8051452c-0d3b-4bc5-8e18-0200af7397ce,2022-01-13T05:27:29.669Z,2022-01-13T05:27:29.669Z,,2022-01-13T05:27:29.361Z,Pharmacy 4 Less Maroubra,"203 Maroubra Rd, Maroubra NSW 2035, Australia","{'type': 'Point', 'coordinates': [151.2389047, -33.9417008]}",IN_STOCK,3500.0,False,,,,,,2.0,True,-33.9417008,151.2389047,"https://maps.google.com/maps?q=203 Maroubra Rd, Maroubra NSW 2035, Australia",35.0,2022-01-13 16:27:29.361000+11:00,2022-01-13 16:27:29.669000+11:00,2022-01-13 16:27:29.669000+11:00
1c328b81-93ad-4e8b-b48b-efb41b16940a,2022-01-13T05:22:04.371Z,2022-01-13T05:22:04.371Z,,2022-01-13T05:22:04.070Z,Simply Pharmacy Valentine,"70A Dilkera Ave, Valentine NSW 2280, Australia","{'type': 'Point', 'coordinates': [151.6354412, -33.0090042]}",IN_STOCK,1799.0,False,,,,,,1.0,True,-33.0090042,151.6354412,"https://maps.google.com/maps?q=70A Dilkera Ave, Valentine NSW 2280, Australia",17.99,2022-01-13 16:22:04.070000+11:00,2022-01-13 16:22:04.371000+11:00,2022-01-13 16:22:04.371000+11:00
c031df48-61d5-4df8-b301-11cf5a59d7ae,2022-01-13T05:22:01.482Z,2022-01-13T05:22:01.482Z,,2022-01-13T05:22:01.177Z,Sydney Discount Store,"10/673 The Horsley Dr, Smithfield NSW 2164, Australia","{'type': 'Point', 'coordinates': [150.9402673, -33.8529777]}",IN_STOCK,650000.0,False,,,,,,375.0,True,-33.8529777,150.9402673,"https://maps.google.com/maps?q=10/673 The Horsley Dr, Smithfield NSW 2164, Australia",6500.0,2022-01-13 16:22:01.177000+11:00,2022-01-13 16:22:01.482000+11:00,2022-01-13 16:22:01.482000+11:00
a9a37b7c-7b6a-4b25-8f0b-f244a8e6749a,2022-01-13T04:27:45.132Z,2022-01-13T05:47:53.297Z,,2022-01-13T04:27:44.826Z,Middleton Compounding Pharmacy,"9 Watts Rd, Ryde NSW 2112, Australia","{'type': 'Point', 'coordinates': [151.1030645, -33.793893]}",IN_STOCK,,False,,,,,,,True,-33.793893,151.1030645,"https://maps.google.com/maps?q=9 Watts Rd, Ryde NSW 2112, Australia",,2022-01-13 15:27:44.826000+11:00,2022-01-13 16:47:53.297000+11:00,2022-01-13 16:47:53.297000+11:00
6ac93e88-2040-4b1a-8064-bc7839cb2acd,2022-01-13T04:25:47.069Z,2022-01-13T04:25:47.069Z,,2022-01-13T04:25:46.768Z,Westside Petroleum Oberon,"1 Horace St, Oberon NSW 2787, Australia","{'type': 'Point', 'coordinates': [149.8591893, -33.6984149]}",IN_STOCK,2350.0,False,,,,,,1.0,True,-33.6984149,149.8591893,"https://maps.google.com/maps?q=1 Horace St, Oberon NSW 2787, Australia",23.5,2022-01-13 15:25:46.768000+11:00,2022-01-13 15:25:47.069000+11:00,2022-01-13 15:25:47.069000+11:00
f819a0f1-9604-474a-8996-8269c8274ea7,2022-01-13T04:10:42.079Z,2022-01-13T04:10:42.079Z,,2022-01-13T04:10:41.775Z,Firestation Newsagency,"179 Darlinghurst Rd, Darlinghurst NSW 2010, Australia","{'type': 'Point', 'coordinates': [151.2215507, -33.8758698]}",IN_STOCK,,False,,,,,,400.0,True,-33.8758698,151.2215507,"https://maps.google.com/maps?q=179 Darlinghurst Rd, Darlinghurst NSW 2010, Australia",,2022-01-13 15:10:41.775000+11:00,2022-01-13 15:10:42.079000+11:00,2022-01-13 15:10:42.079000+11:00
32c703f8-0102-43bd-a713-f4ea01fcdc78,2022-01-13T03:41:51.628Z,2022-01-13T08:47:45.207Z,,2022-01-13T03:41:51.327Z,Chemist Warehouse Darwin,"The Zone, Shop 4/798 Vanderlin Dr, Berrimah NT 0828, Australia","{'type': 'Point', 'coordinates': [130.9230235, -12.4320284]}",IN_STOCK,5000.0,False,,,,,,5.0,True,-12.4320284,130.9230235,"https://maps.google.com/maps?q=The Zone, Shop 4/798 Vanderlin Dr, Berrimah NT 0828, Australia",50.0,2022-01-13 14:41:51.327000+11:00,2022-01-13 19:47:45.207000+11:00,2022-01-13 19:47:45.207000+11:00
92b2707f-67a6-4b6b-9287-7cabb8c237ed,2022-01-13T02:46:35.726Z,2022-01-13T02:46:35.726Z,,2022-01-13T02:46:35.427Z,Budget Petrol Chester Hill,"41 Boundary Rd, Chester Hill NSW 2162, Australia","{'type': 'Point', 'coordinates': [151.0071808, -33.8737926]}",IN_STOCK,,False,,,,,,,True,-33.8737926,151.0071808,"https://maps.google.com/maps?q=41 Boundary Rd, Chester Hill NSW 2162, Australia",,2022-01-13 13:46:35.427000+11:00,2022-01-13 13:46:35.726000+11:00,2022-01-13 13:46:35.726000+11:00
7992b2ef-ae3b-4ec9-a827-c788f04ab280,2022-01-13T02:29:12.138Z,2022-01-13T02:29:12.138Z,,2022-01-13T02:29:11.835Z,Chemist Warehouse Mowbray,"8/25 Vermont Rd, Mowbray TAS 7248, Australia","{'type': 'Point', 'coordinates': [147.13527, -41.405787]}",IN_STOCK,5000.0,False,,,,,,5.0,True,-41.405787,147.13527,"https://maps.google.com/maps?q=8/25 Vermont Rd, Mowbray TAS 7248, Australia",50.0,2022-01-13 13:29:11.835000+11:00,2022-01-13 13:29:12.138000+11:00,2022-01-13 13:29:12.138000+11:00
68bc22dc-f108-47d5-8e2a-09ac87e9ce7d,2022-01-13T02:09:35.760Z,2022-01-13T02:09:35.760Z,,2022-01-13T02:09:35.458Z,Priceline Pharmacy Cabramatta,"67 John St, Cabramatta NSW 2166, Australia","{'type': 'Point', 'coordinates': [150.9364651, -33.894813]}",IN_STOCK,3500.0,False,,,,,,2.0,True,-33.894813,150.9364651,"https://maps.google.com/maps?q=67 John St, Cabramatta NSW 2166, Australia",35.0,2022-01-13 13:09:35.458000+11:00,2022-01-13 13:09:35.760000+11:00,2022-01-13 13:09:35.760000+11:00
3496cb82-d4d0-44f0-9178-f516852e6af6,2022-01-13T02:09:14.797Z,2022-01-13T02:09:14.797Z,,2022-01-13T02:09:14.486Z,Metro Petroleum Hurlstone,"11 Canterbury Rd, Hurlstone Park NSW 2193, Australia","{'type': 'Point', 'coordinates': [151.1254005, -33.9077062]}",IN_STOCK,3000.0,False,,,,,,1.0,True,-33.9077062,151.1254005,"https://maps.google.com/maps?q=11 Canterbury Rd, Hurlstone Park NSW 2193, Australia",30.0,2022-01-13 13:09:14.486000+11:00,2022-01-13 13:09:14.797000+11:00,2022-01-13 13:09:14.797000+11:00
c0e94e75-a4e3-487c-bdbc-ac61bbe19882,2022-01-13T01:54:41.545Z,2022-01-13T01:54:41.545Z,,2022-01-13T01:54:41.243Z,Shopsmart Wholesale Pharmacy,"Shop U26/271 Queen St, Campbelltown NSW 2560, Australia","{'type': 'Point', 'coordinates': [150.8108809, -34.0688709]}",IN_STOCK,2000.0,False,,,,,,1.0,True,-34.0688709,150.8108809,"https://maps.google.com/maps?q=Shop U26/271 Queen St, Campbelltown NSW 2560, Australia",20.0,2022-01-13 12:54:41.243000+11:00,2022-01-13 12:54:41.545000+11:00,2022-01-13 12:54:41.545000+11:00
2475c1aa-5905-4cbc-b395-991deb58bfa3,2022-01-13T01:53:32.272Z,2022-01-13T08:30:32.806Z,,2022-01-13T01:53:31.971Z,Leeton District Hospital,"Cnr Wade Avenue and, Palm Ave, Leeton NSW 2705, Australia","{'type': 'Point', 'coordinates': [146.4086553, -34.5450148]}",IN_STOCK,,False,,,,,,,True,-34.5450148,146.4086553,"https://maps.google.com/maps?q=Cnr Wade Avenue and, Palm Ave, Leeton NSW 2705, Australia",,2022-01-13 12:53:31.971000+11:00,2022-01-13 19:30:32.806000+11:00,2022-01-13 19:30:32.806000+11:00
43a33168-4292-4110-b749-e3c4f5b07775,2022-01-13T01:37:03.650Z,2022-01-13T05:01:13.559Z,,2022-01-13T01:37:03.341Z,Lloyds IGA Panania,"219-223 Tower St, Panania NSW 2213, Australia","{'type': 'Point', 'coordinates': [150.9986267, -33.9563599]}",IN_STOCK,1650.0,False,,,,,,1.0,True,-33.9563599,150.9986267,"https://maps.google.com/maps?q=219-223 Tower St, Panania NSW 2213, Australia",16.5,2022-01-13 12:37:03.341000+11:00,2022-01-13 16:01:13.559000+11:00,2022-01-13 16:01:13.559000+11:00
3f7c9432-c4bd-44b3-a47b-1fcc7e7d2234,2022-01-13T00:43:28.256Z,2022-01-13T00:43:28.256Z,,2022-01-13T00:43:27.956Z,Coolah Pharmacy,"55 Binnia St, Coolah NSW 2843, Australia","{'type': 'Point', 'coordinates': [149.719938, -31.8237415]}",IN_STOCK,8000.0,False,,,,,,5.0,True,-31.8237415,149.719938,"https://maps.google.com/maps?q=55 Binnia St, Coolah NSW 2843, Australia",80.0,2022-01-13 11:43:27.956000+11:00,2022-01-13 11:43:28.256000+11:00,2022-01-13 11:43:28.256000+11:00
4939962f-6183-48d3-8f81-6023a47de431,2022-01-12T23:06:31.544Z,2022-01-12T23:06:31.544Z,,2022-01-12T23:06:31.242Z,Liberty News,"Shop 7/256 Chapel Rd, Bankstown NSW 2200, Australia","{'type': 'Point', 'coordinates': [151.0311286, -33.9204223]}",IN_STOCK,1500.0,False,,,,,,1.0,True,-33.9204223,151.0311286,"https://maps.google.com/maps?q=Shop 7/256 Chapel Rd, Bankstown NSW 2200, Australia",15.0,2022-01-13 10:06:31.242000+11:00,2022-01-13 10:06:31.544000+11:00,2022-01-13 10:06:31.544000+11:00
8083d192-2333-42e0-8755-6af606071ec4,2022-01-12T22:45:05.789Z,2022-01-12T22:45:05.789Z,,2022-01-12T22:45:05.487Z,Metro hurlstone park ,"11 Canterbury Rd, Canterbury NSW 2193, Australia","{'type': 'Point', 'coordinates': [151.1253691, -33.907707]}",IN_STOCK,,False,,,,,,,True,-33.907707,151.1253691,"https://maps.google.com/maps?q=11 Canterbury Rd, Canterbury NSW 2193, Australia",,2022-01-13 09:45:05.487000+11:00,2022-01-13 09:45:05.789000+11:00,2022-01-13 09:45:05.789000+11:00
76156213-36a1-4cd4-928e-dd90f7b82840,2022-01-12T22:39:25.174Z,2022-01-12T22:39:25.174Z,,2022-01-12T22:39:24.865Z,Wong Seng ,"26/52 Hume Hwy, Lansvale NSW 2166, Australia","{'type': 'Point', 'coordinates': [150.9492686, -33.8986209]}",IN_STOCK,,False,,,,,,,True,-33.8986209,150.9492686,"https://maps.google.com/maps?q=26/52 Hume Hwy, Lansvale NSW 2166, Australia",,2022-01-13 09:39:24.865000+11:00,2022-01-13 09:39:25.174000+11:00,2022-01-13 09:39:25.174000+11:00
8722dcbf-84a9-4365-86d3-577c224351d0,2022-01-12T22:16:43.179Z,2022-01-12T22:23:58.712Z,,2022-01-12T22:16:42.877Z,METRO DOYALSON,"50 Pacific Hwy, Doyalson NSW 2262, Australia","{'type': 'Point', 'coordinates': [151.5233893, -33.1996914]}",IN_STOCK,2000.0,False,,,,,,1.0,True,-33.1996914,151.5233893,"https://maps.google.com/maps?q=50 Pacific Hwy, Doyalson NSW 2262, Australia",20.0,2022-01-13 09:16:42.877000+11:00,2022-01-13 09:23:58.712000+11:00,2022-01-13 09:23:58.712000+11:00
6a5a18de-9c54-4833-8939-0e818421c6bc,2022-01-12T22:01:36.299Z,2022-01-12T22:01:36.299Z,,2022-01-12T22:01:35.999Z,Metro Hurlstone Park,"13-19 Canterbury Rd, Canterbury NSW 2193, Australia","{'type': 'Point', 'coordinates': [151.1252332, -33.9078127]}",IN_STOCK,3000.0,False,,,,,,1.0,True,-33.9078127,151.1252332,"https://maps.google.com/maps?q=13-19 Canterbury Rd, Canterbury NSW 2193, Australia",30.0,2022-01-13 09:01:35.999000+11:00,2022-01-13 09:01:36.299000+11:00,2022-01-13 09:01:36.299000+11:00
24678286-4ade-452b-a5a3-6f072e92bd59,2022-01-12T21:42:43.338Z,2022-01-12T21:42:43.338Z,,2022-01-12T21:42:43.036Z,Silverdome,"55 Oakden Rd, Prospect TAS 7250, Australia","{'type': 'Point', 'coordinates': [147.140193, -41.4752422]}",IN_STOCK,0.0,False,,,,,,2.0,True,-41.4752422,147.140193,"https://maps.google.com/maps?q=55 Oakden Rd, Prospect TAS 7250, Australia",0.0,2022-01-13 08:42:43.036000+11:00,2022-01-13 08:42:43.338000+11:00,2022-01-13 08:42:43.338000+11:00
9e06d41f-a944-40ef-8743-dc62a8475392,2022-01-12T20:42:17.176Z,2022-01-12T20:42:17.176Z,,2022-01-12T20:42:16.875Z,News on William ,"91 William St, Bathurst NSW 2795, Australia","{'type': 'Point', 'coordinates': [149.5805773, -33.4177973]}",IN_STOCK,4000.0,False,,,,,,2.0,True,-33.4177973,149.5805773,"https://maps.google.com/maps?q=91 William St, Bathurst NSW 2795, Australia",40.0,2022-01-13 07:42:16.875000+11:00,2022-01-13 07:42:17.176000+11:00,2022-01-13 07:42:17.176000+11:00
7dfa931a-5c93-4e89-8282-fac3f9722c38,2022-01-12T20:38:33.099Z,2022-01-12T20:38:33.099Z,,2022-01-12T20:38:32.794Z,TOBACCOCINO,"10/30 Charles St, Parramatta NSW 2150, Australia","{'type': 'Point', 'coordinates': [151.0094232, -33.8145026]}",IN_STOCK,2200.0,False,,,,,,1.0,True,-33.8145026,151.0094232,"https://maps.google.com/maps?q=10/30 Charles St, Parramatta NSW 2150, Australia",22.0,2022-01-13 07:38:32.794000+11:00,2022-01-13 07:38:33.099000+11:00,2022-01-13 07:38:33.099000+11:00
c1498e4f-f1c9-47f0-b1de-1eef915d4cfa,2022-01-12T19:48:28.770Z,2022-01-12T19:48:28.770Z,,2022-01-12T19:48:28.460Z,METRO CHULLORA,"331 Waterloo Rd, Greenacre NSW 2190, Australia","{'type': 'Point', 'coordinates': [151.0592662, -33.8959797]}",IN_STOCK,2000.0,False,,,,,,1.0,True,-33.8959797,151.0592662,"https://maps.google.com/maps?q=331 Waterloo Rd, Greenacre NSW 2190, Australia",20.0,2022-01-13 06:48:28.460000+11:00,2022-01-13 06:48:28.770000+11:00,2022-01-13 06:48:28.770000+11:00
235150e9-3e31-4b8d-8ce1-01a05887b3cb,2022-01-13T09:35:12.826Z,2022-01-13T09:35:12.826Z,,2022-01-13T09:35:12.516Z,GV Independent Packers,"25 Doyles Rd, Grahamvale VIC 3631, Australia","{'type': 'Point', 'coordinates': [145.4333038, -36.366455]}",LOW_STOCK,1000.0,False,,,,,,300.0,True,-36.366455,145.4333038,"https://maps.google.com/maps?q=25 Doyles Rd, Grahamvale VIC 3631, Australia",10.0,2022-01-13 20:35:12.516000+11:00,2022-01-13 20:35:12.826000+11:00,2022-01-13 20:35:12.826000+11:00
9576afea-8e9e-4ef2-b164-f112c4099c90,2022-01-13T09:15:12.237Z,2022-01-13T09:15:12.237Z,,2022-01-13T09:15:11.933Z,Romeo's Foodland,"161 St Bernards Rd, Rostrevor SA 5073, Australia","{'type': 'Point', 'coordinates': [138.6753311, -34.8963467]}",LOW_STOCK,3300.0,False,,,,,,2.0,True,-34.8963467,138.6753311,"https://maps.google.com/maps?q=161 St Bernards Rd, Rostrevor SA 5073, Australia",33.0,2022-01-13 20:15:11.933000+11:00,2022-01-13 20:15:12.237000+11:00,2022-01-13 20:15:12.237000+11:00
1e347d05-1158-476d-9e23-9683066172e9,2022-01-13T08:34:54.684Z,2022-01-13T08:34:54.684Z,,2022-01-13T08:34:54.382Z,Your Discount Chemist Laurieton,"1/85 Bold St, Laurieton NSW 2443, Australia","{'type': 'Point', 'coordinates': [152.797061, -31.648582]}",LOW_STOCK,,False,,,,,,,True,-31.648582,152.797061,"https://maps.google.com/maps?q=1/85 Bold St, Laurieton NSW 2443, Australia",,2022-01-13 19:34:54.382000+11:00,2022-01-13 19:34:54.684000+11:00,2022-01-13 19:34:54.684000+11:00
b8fc44b3-7833-4d6b-9d9d-95e53dd71ccf,2022-01-13T08:34:39.565Z,2022-01-13T08:34:39.565Z,,2022-01-13T08:34:39.264Z,Your Discount Chemist Lakewood,"Lakewood Shopping Centre, 1 Sirius Dr &, Ocean Dr, Lakewood NSW 2443, Australia","{'type': 'Point', 'coordinates': [152.7550546, -31.6355528]}",LOW_STOCK,,False,,,,,,,True,-31.6355528,152.7550546,"https://maps.google.com/maps?q=Lakewood Shopping Centre, 1 Sirius Dr &, Ocean Dr, Lakewood NSW 2443, Australia",,2022-01-13 19:34:39.264000+11:00,2022-01-13 19:34:39.565000+11:00,2022-01-13 19:34:39.565000+11:00
9e09c3e9-2dcb-41d7-87df-877784b5b0b5,2022-01-13T08:34:28.684Z,2022-01-13T08:34:28.684Z,,2022-01-13T08:34:28.382Z,Your Discount Chemist Sovereign Hills,"11/15 Chancellors Dr, Thrumster NSW 2444, Australia","{'type': 'Point', 'coordinates': [152.8284554, -31.4580369]}",LOW_STOCK,,False,,,,,,,True,-31.4580369,152.8284554,"https://maps.google.com/maps?q=11/15 Chancellors Dr, Thrumster NSW 2444, Australia",,2022-01-13 19:34:28.382000+11:00,2022-01-13 19:34:28.684000+11:00,2022-01-13 19:34:28.684000+11:00
b3d85511-dc2b-43f4-9e54-b45e98e69505,2022-01-13T08:34:14.234Z,2022-01-13T08:34:14.234Z,,2022-01-13T08:34:13.934Z,Your Discount Chemist Lighthouse,"Lighthouse Plaza, Shop 8/100 Ocean Dr, Lighthouse NSW 2444, Australia","{'type': 'Point', 'coordinates': [152.914393, -31.477383]}",LOW_STOCK,,False,,,,,,,True,-31.477383,152.914393,"https://maps.google.com/maps?q=Lighthouse Plaza, Shop 8/100 Ocean Dr, Lighthouse NSW 2444, Australia",,2022-01-13 19:34:13.934000+11:00,2022-01-13 19:34:14.234000+11:00,2022-01-13 19:34:14.234000+11:00
35c4f875-8c2d-424b-a2fb-5694960ef59a,2022-01-13T08:34:03.694Z,2022-01-13T08:34:03.694Z,,2022-01-13T08:34:03.391Z,Your Discount Chemist Lake Cathie,"5/1613 Ocean Dr, Lake Cathie NSW 2445, Australia","{'type': 'Point', 'coordinates': [152.8544046, -31.5524188]}",LOW_STOCK,,False,,,,,,,True,-31.5524188,152.8544046,"https://maps.google.com/maps?q=5/1613 Ocean Dr, Lake Cathie NSW 2445, Australia",,2022-01-13 19:34:03.391000+11:00,2022-01-13 19:34:03.694000+11:00,2022-01-13 19:34:03.694000+11:00
5b048353-fed9-4dcc-9f98-9ea529f70395,2022-01-13T08:33:50.082Z,2022-01-13T08:33:50.082Z,,2022-01-13T08:33:49.773Z,Your Discount Chemist Port Macquarie,"119 Horton St, Port Macquarie NSW 2444, Australia","{'type': 'Point', 'coordinates': [152.9079698, -31.4321927]}",LOW_STOCK,,False,,,,,,,True,-31.4321927,152.9079698,"https://maps.google.com/maps?q=119 Horton St, Port Macquarie NSW 2444, Australia",,2022-01-13 19:33:49.773000+11:00,2022-01-13 19:33:50.082000+11:00,2022-01-13 19:33:50.082000+11:00
beade86e-43a4-4544-a11b-af8130b56299,2022-01-13T07:26:06.282Z,2022-01-13T07:26:06.282Z,,2022-01-13T07:26:05.977Z,Coles Leichhardt,"51 - 57 Norton St, Leichhardt NSW 2040, Australia","{'type': 'Point', 'coordinates': [151.1582131, -33.8863752]}",LOW_STOCK,3000.0,False,,,,,,2.0,True,-33.8863752,151.1582131,"https://maps.google.com/maps?q=51 - 57 Norton St, Leichhardt NSW 2040, Australia",30.0,2022-01-13 18:26:05.977000+11:00,2022-01-13 18:26:06.282000+11:00,2022-01-13 18:26:06.282000+11:00
6b68df69-e44d-481d-a808-f99597b6cd39,2022-01-13T05:16:16.178Z,2022-01-13T05:16:16.178Z,,2022-01-13T05:16:15.875Z,Bolton Point Park,"68 Middle Point Rd, Bolton Point NSW 2283, Australia","{'type': 'Point', 'coordinates': [151.6078796, -33.0018005]}",LOW_STOCK,,False,,,,,,,True,-33.0018005,151.6078796,"https://maps.google.com/maps?q=68 Middle Point Rd, Bolton Point NSW 2283, Australia",,2022-01-13 16:16:15.875000+11:00,2022-01-13 16:16:16.178000+11:00,2022-01-13 16:16:16.178000+11:00
8bceafe1-63d3-4234-8ae1-b190a5dd4b95,2022-01-13T04:29:22.848Z,2022-01-13T04:29:22.848Z,,2022-01-13T04:29:22.548Z,Randwick Community Pharmacy,"66 Belmore Rd, Randwick NSW 2031, Australia","{'type': 'Point', 'coordinates': [151.2398639, -33.9146684]}",LOW_STOCK,1500.0,False,,,,,,1.0,True,-33.9146684,151.2398639,"https://maps.google.com/maps?q=66 Belmore Rd, Randwick NSW 2031, Australia",15.0,2022-01-13 15:29:22.548000+11:00,2022-01-13 15:29:22.848000+11:00,2022-01-13 15:29:22.848000+11:00
de9d530f-45e7-4aee-8fba-3f0f3b77fa88,2022-01-13T03:32:07.231Z,2022-01-13T03:32:07.231Z,,2022-01-13T03:32:06.924Z,Ingleburn Medical & Dental Centre,"2 Nardoo St, Ingleburn NSW 2565, Australia","{'type': 'Point', 'coordinates': [150.8652426, -33.9989474]}",LOW_STOCK,1800.0,False,,,,,,1.0,True,-33.9989474,150.8652426,"https://maps.google.com/maps?q=2 Nardoo St, Ingleburn NSW 2565, Australia",18.0,2022-01-13 14:32:06.924000+11:00,2022-01-13 14:32:07.231000+11:00,2022-01-13 14:32:07.231000+11:00
aa92009c-278e-45d2-81c6-6ee68a57ad2b,2022-01-13T02:30:19.047Z,2022-01-13T02:30:19.047Z,,2022-01-13T02:30:18.744Z,Sydney Fresh Grocers,"1375 Canterbury Rd, Punchbowl NSW 2196, Australia","{'type': 'Point', 'coordinates': [151.0537311, -33.9317583]}",LOW_STOCK,5000.0,False,,,,,,2.0,True,-33.9317583,151.0537311,"https://maps.google.com/maps?q=1375 Canterbury Rd, Punchbowl NSW 2196, Australia",50.0,2022-01-13 13:30:18.744000+11:00,2022-01-13 13:30:19.047000+11:00,2022-01-13 13:30:19.047000+11:00
710c0690-15b0-4468-b7b2-26cebf1f20b9,2022-01-13T01:08:27.965Z,2022-01-13T01:08:27.965Z,,2022-01-13T01:08:27.660Z,Shell Urbanista condell park ,"228 Edgar St, Condell Park NSW 2200, Australia","{'type': 'Point', 'coordinates': [151.0125535, -33.9224297]}",LOW_STOCK,3499.0,False,,,,,,2.0,True,-33.9224297,151.0125535,"https://maps.google.com/maps?q=228 Edgar St, Condell Park NSW 2200, Australia",34.99,2022-01-13 12:08:27.660000+11:00,2022-01-13 12:08:27.965000+11:00,2022-01-13 12:08:27.965000+11:00
